-- AUTO-GENERATED by Enterprise/L3/db/build.py · do not hand-edit.
-- Source of truth = JSON manifests; rebuild with `python3 guild/Enterprise/L3/db/build.py`.

CREATE TABLE programs (
  file     TEXT PRIMARY KEY,
  section  TEXT,
  glyph    TEXT,
  name     TEXT,
  module   TEXT,
  desc     TEXT,
  raw      TEXT
);
INSERT INTO "programs" VALUES('L2/scada/programs/acg/auth.json','2.5','{"Profile": {"provider": "e[discord|github]", "id": "s", "username": "s", "avatar": "s"}}','auth','L2/scada/gateway/scripts/auth.js',NULL,'{"module": "L2/scada/gateway/scripts/auth.js", "name": "auth", "§": "2.5", "↑🖥️": ["auth.profile", "auth.signedIn"], "→": [{"flow": "JSON.parse(localStorage.acg.profile) ∨ ∅", "name": "load", "out": "🔑?"}, {"flow": "localStorage.set ⊕ publishProfile ⊕ listeners(p) ⊕ paint()", "in": "p:🔑?", "name": "save"}, {"flow": "AUTH.write(profile,🏗️Profile) ⊕ AUTH.write(signedIn,b)", "name": "publishProfile"}, {"flow": "→ https://discord.com/oauth2/authorize?response_type=token (implicit grant, pure browser)", "name": "discordLogin"}, {"flow": "GET /api/users/@me → save(🏗️Profile)", "in": "token:s", "name": "discordFinish"}, {"flow": "POST {proxyUrl}/device/code → open verification_uri ⊕ prompt(code) ⊕ poll /access_token", "name": "githubLogin"}, {"flow": "GET api.github.com/user → save(🏗️Profile)", "in": "token:s", "name": "githubFinish"}, {"flow": "if location.hash has access_token → state-check ⊕ discordFinish", "name": "handleRedirect"}, {"flow": "rebuild #auth nav (logged-in chip ∨ GitHub/Discord buttons)", "name": "paint"}, {"flow": "paint() ⊕ handleRedirect()", "name": "startAuth"}, {"flow": "listeners.add(fn)", "in": "fn", "name": "onProfileChange", "out": "unsub"}, {"flow": "save(∅)", "name": "logout"}], "↓🖥️": [], "和": true, "🏗️": {"Profile": {"avatar": "s", "id": "s", "provider": "e[discord|github]", "username": "s"}}, "📦": {"listeners": "Set<(profile)→void>", "profile": "🔑? (Profile UDT from localStorage)"}}');
INSERT INTO "programs" VALUES('L2/scada/programs/acg/chat.json','2.4','{"ChatMsg": {"role": "e[user|ai|system]", "len": "i", "ts": "ms"}, "📨": {"t": "\"msg\"", "id": "s20", "txt": "s"}}','chat','L2/scada/gateway/scripts/chat.js',NULL,'{"module": "L2/scada/gateway/scripts/chat.js", "name": "chat", "§": "2.4", "↑🖥️": ["chat.msgsOut", "chat.lastMsgAt"], "→": [{"flow": "DOM.append(.msg) ⊕ scroll", "in": "pid:s20?, nm:s, em:s, txt:s, sys:b=false, avatar:s?=null", "name": "addMsg"}, {"flow": "read(#cIn) → bcast(📨) ⊕ addMsg(self) ⊕ CHAT.inc(msgsOut) ⊕ CHAT.write(lastMsgAt)", "in": "∅", "name": "send"}], "↓🖥️": ["auth.profile"], "和": true, "🏗️": {"ChatMsg": {"len": "i", "role": "e[user|ai|system]", "ts": "ms"}, "📨": {"id": "s20", "t": "\"msg\"", "txt": "s"}}}');
INSERT INTO "programs" VALUES('L2/scada/programs/acg/config.json','2.1','⚙️','config','L2/scada/gateway/scripts/config.js',NULL,'{"module": "L2/scada/gateway/scripts/config.js", "name": "config", "§": "2.1", "↑🖥️": [], "→": [], "⚙️": {"ICE": {"iceServers": "a[o]"}, "N_OFFERS": 10, "OAUTH": {"DISCORD": {"clientId": "s", "redirectUri": "s", "scope": "s"}, "GITHUB": {"clientId": "s", "proxyUrl": "s", "scope": "s"}}, "TRACKERS": "a[s40]", "myEm": "s", "myId": "s20", "myNm": "s8"}, "和": true, "🏗️": "⚙️"}');
INSERT INTO "programs" VALUES('L2/scada/programs/acg/main.json','2.0','🚀','main','L2/scada/gateway/scripts/main.js','entry · wires handlers · seeds sys.* · starts monitor, version, auth, sandbox-bridge','{"desc": "entry · wires handlers · seeds sys.* · starts monitor, version, auth, sandbox-bridge", "module": "L2/scada/gateway/scripts/main.js", "name": "main", "§": "2.0", "↑🖥️": ["sys.startedAt", "sys.uptimeSec", "sys.myId", "sys.myNm", "sys.myEm", "sys.trackerCount", "sys.userAgent"], "→": [{"flow": "profile?.username ∨ myNm", "name": "meLabel", "out": "s"}, {"flow": "#mId.text=meLabel ⊕ wire(#jBtn,#cIn,#sBtn,#scBtn) ⊕ SYS.write(startedAt,myId,myNm,myEm,trackerCount,userAgent) ⊕ startMonitor ⊕ startSandboxBridge ⊕ updPeers ⊕ startVersion ⊕ startAuth ⊕ onProfileChange(→re-hi) ⊕ setTimeout(join,300)", "name": "<init>"}, {"flow": "30s → announce() ⊕ 1s → SYS.uptimeSec++", "name": "<intervals>"}], "和": true, "🎹": {"#cIn.Enter": "send()", "#jBtn.click": "join(#rIn.value ∨ ''acg-guild'')", "#sBtn.click": "send()", "#scBtn.click": "toggleMonitor()", "Ctrl/Cmd+.": "toggleMonitor()"}, "🏗️": "🚀"}');
INSERT INTO "programs" VALUES('L2/scada/programs/acg/p2p.json','2.2','📡','p2p','L2/scada/gateway/scripts/p2p.js','Multi-tracker WebRTC signalling. Fans out to every tracker in TRACKERS[] in parallel; peers find each other via the union of connected trackers, not one chosen tracker. Per-URL reconnect with exponential back-off.','{"desc": "Multi-tracker WebRTC signalling. Fans out to every tracker in TRACKERS[] in parallel; peers find each other via the union of connected trackers, not one chosen tracker. Per-URL reconnect with exponential back-off.", "module": "L2/scada/gateway/scripts/p2p.js", "name": "p2p", "§": "2.2", "↑🖥️": ["room.name", "room.hash", "room.joinedAt", "room.data", "tracker.current", "tracker.state", "tracker.count", "tracker.announces", "tracker.lastAnnounceAt", "tracker.trackers.<idx>", "signal.last", "signal.offersIn", "signal.answersIn", "signal.answersOut"], "→": [{"flow": "SHA1(''acg:''+name) → hex", "in": "name:s", "name": "mkHash", "out": "s40"}, {"flow": "pc.iceGatheringState===''complete'' ∨ timeout", "in": "pc, ms=4000", "name": "waitIce", "out": "Promise"}, {"flow": "∀ i<n → RTCPC ⊕ wire(🔌,uuid) ⊕ createOffer ⊕ waitIce ⊕ schedule PENDING_TTL_MS reap", "in": "n:i", "name": "mkOffers", "out": "a[{offer_id,offer}]"}, {"flow": "RTCPC ⊕ setRemote(offer) ⊕ createAnswer ⊕ waitIce ⊕ sock.send (reply on same tracker)", "in": "msg:o, sock:🔌", "name": "onOffer"}, {"flow": "pending.delete(offer_id) ⊕ setRemote(answer) — first tracker to deliver wins", "in": "msg:o", "name": "onAnswer"}, {"flow": "mkOffers(N_OFFERS) → ∀ open 🔌 → sock.send({action:announce,…})", "in": "∅", "name": "announce"}, {"flow": "if already open/connecting bail ⊕ new WebSocket ⊕ 6s timeout ⊕ onopen: announce(this sock) ⊕ onclose: scheduleReconnect", "in": "url:s", "name": "connectTracker"}, {"flow": "attempts[url]++ ⊕ setTimeout(connectTracker, back-off[min(n, max)])", "in": "url:s", "name": "scheduleReconnect"}, {"flow": "close all 🔌 ⊕ clear(pm, pending, timers) ⊕ ∀ TRACKERS → connectTracker(url) in parallel", "in": "rName:s", "name": "join"}, {"flow": "∀ 🔌∈pm.dcs.open → dc.send(JSON)", "in": "msg:o", "name": "bcast", "out": "i peerCount"}, {"flow": "openSockets().length > 0", "name": "wsReady", "out": "b"}], "↓🖥️": [], "⚙️": {"CONNECT_TIMEOUT_MS": 6000, "PENDING_TTL_MS": 60000, "RECONNECT_BACKOFF_MS": "[3000, 6000, 12000, 30000, 60000]"}, "和": true, "🏗️": "📡", "📦": {"hash": "s40", "pending": "m offerId → RTCPeerConnection", "reTimer": "timeoutId?", "reconnectAttempts": "m url → i", "reconnectTimers": "m url → timeoutId", "room": "s", "sockets": "m url → 🔌"}}');
INSERT INTO "programs" VALUES('L2/scada/programs/acg/path.json',NULL,NULL,NULL,NULL,NULL,'{"parameters": {"kind": "filesystem", "label": "acg", "owners": [], "parent": "guild/Enterprise/L2/scada/programs", "path": "guild/Enterprise/L2/scada/programs/acg", "purpose": null}, "tags": {"breadcrumb": ["root", "guild", "guild_Enterprise", "guild_Enterprise_L2", "guild_Enterprise_L2_scada", "guild_Enterprise_L2_scada_programs", "guild_Enterprise_L2_scada_programs_acg"], "children": [], "depth": 6, "descendants": 0, "file_count": 10, "fs_path": "guild/Enterprise/L2/scada/programs/acg", "id": "guild_Enterprise_L2_scada_programs_acg", "kinds": {"json": 10}, "last_generated": "2026-04-18T05:46:04Z", "route_bindings": [], "schema_version": "1.0.0", "siblings": ["guild/Enterprise/L2/scada/programs/web-llm"], "subdir_count": 0}, "udtType": "FsPath"}');
INSERT INTO "programs" VALUES('L2/scada/programs/acg/peers.json','2.3','{"Peer": {"id": "s20", "name": "s", "emoji": "s", "avatar": "s?", "state": "e[open|closed]", "channels": "i", "connectedAt": "ms", "msgsIn": "i", "msgsOut": "i", "lastSeen": "ms"}}','peers','L2/scada/gateway/scripts/peers.js',NULL,'{"module": "L2/scada/gateway/scripts/peers.js", "name": "peers", "§": "2.3", "↑🖥️": ["peers.<peerId>", "room.peerCount"], "→": [{"flow": "auth.profile ∨ {myNm,myEm}", "name": "meCard", "out": "{name:s,emoji:s,avatar:s?}"}, {"flow": "PEERS.write(pid, 🏗️Peer) ∨ del if ∅dcs", "in": "pid:s20", "name": "publishPeer"}, {"flow": "ROOM.write(peerCount, |pm ∩ open| + 1)", "name": "publishPeerCount"}, {"flow": "🔌.on{open→pm.add ⊕ send👋 ⊕ publishPeer, close→pm.delete, msg→parse{hi|msg} ⊕ updPeers ⊕ publishPeer}", "in": "🔌,rid:s20", "name": "wire"}, {"flow": "rebuild #pList ⊕ publishPeerCount", "name": "updPeers"}], "↓🖥️": ["auth.profile"], "和": true, "🏗️": {"Peer": {"avatar": "s?", "channels": "i", "connectedAt": "ms", "emoji": "s", "id": "s20", "lastSeen": "ms", "msgsIn": "i", "msgsOut": "i", "name": "s", "state": "e[open|closed]"}}, "📦": {"pm": "m peerId:s20 → 🏗️👥{ name:s emoji:s avatar:s? dcs:Set<🔌> connectedAt:ms msgsIn:i msgsOut:i lastSeen:ms }"}}');
INSERT INTO "programs" VALUES('L2/scada/programs/acg/sandbox-bridge.json','4.1','🛰️','sandbox-bridge (host side)','L2/scada/gateway/scripts/sandbox-bridge.js',NULL,'{"module": "L2/scada/gateway/scripts/sandbox-bridge.js", "name": "sandbox-bridge (host side)", "§": "4.1", "↑🖥️": ["sandbox.bridgeOpen", "sandbox.channel", "sandbox.<source>.lastEventAt", "sandbox.<source>.lastEvent", "sandbox.<source>.<path>    (on type===''tag'')", "sandbox.<source>.event.<type>", "sandbox.<source>.events.<type>.count"], "→": [{"flow": "type===''tag'' ? tags.write(''sandbox.''+source+''.''+path, value, {udt,quality}) : tags.write(''sandbox.''+source+''.event.''+type, env) ⊕ tags.inc(''sandbox.''+source+''.events.''+type+''.count'')", "in": "env:{source,type,path?,value?,ts,…}", "name": "onEnvelope"}, {"flow": "new BroadcastChannel ⊕ listen ⊕ tags.write(sandbox.bridgeOpen, true)", "name": "startSandboxBridge"}, {"flow": "ch.close ⊕ tags.write(sandbox.bridgeOpen, false)", "name": "stopSandboxBridge"}], "⚙️": {"CHAN": "acg-mesh"}, "和": true, "🏗️": "🛰️", "📦": {"ch": "BroadcastChannel?"}}');
INSERT INTO "programs" VALUES('L2/scada/programs/acg/scada-monitor.json','3.2','🖥️','monitor','L2/scada/gateway/scripts/scada/monitor.js',NULL,'{"module": "L2/scada/gateway/scripts/scada/monitor.js", "name": "monitor", "§": "3.2", "→": [{"flow": "now | Ns | Nm | Nh | Nd", "in": "ts:ms", "name": "fmtAge", "out": "s"}, {"flow": "primitive ∨ JSON.stringify", "in": "any", "name": "fmtVal", "out": "s"}, {"flow": "tags.list() → filter → <tr class=q-{quality}>", "name": "render"}, {"flow": "rAF-debounce render() when !hidden", "name": "schedule"}, {"flow": "build drawer DOM ⊕ wire filter/close", "name": "mount"}, {"flow": "#scada | #scada?q | #scada/q → open(false) ⊕ filter=q", "name": "applyHash"}, {"flow": "subscribe(''**'',schedule) ⊕ history.replaceState(#scada)", "in": "sync=true", "name": "open"}, {"flow": "unsubscribe ⊕ history.replaceState(path)", "in": "sync=true", "name": "close"}, {"flow": "hidden ? open() : close()", "name": "toggle"}, {"flow": "mount() ⊕ setInterval(render,1000) ⊕ hashchange listener ⊕ applyHash()", "name": "startMonitor"}], "↓🖥️": ["<all>  via subscribe(''**'')"], "和": true, "🏗️": "🖥️", "📐route": {"#scada": "open drawer, no filter", "#scada/q": "open drawer, pre-fill filter=q (slash form)", "#scada?q": "open drawer, pre-fill filter=q", "Ctrl/Cmd+.": "toggle"}, "📦": {"filterIn": "DOM #sc-f", "hidden": "b", "off": "unsub?", "panel": "DOM #scada", "tbody": "DOM #sc-rows"}}');
INSERT INTO "programs" VALUES('L2/scada/programs/acg/scada-tags.json','3.1','🏷️','tags','L2/scada/gateway/scripts/scada/tags.js',NULL,'{"module": "L2/scada/gateway/scripts/scada/tags.js", "name": "tags", "§": "3.1", "↑🖥️": ["<all>"], "→": [{"flow": "''*'' | ''**'' | ''.*'' | ''.**'' | exact", "in": "pat,path", "name": "patternMatches", "out": "b"}, {"flow": "∀ (pat,fns) ∈ subs where match(pat,path) → fn(path,tag)", "in": "path", "name": "notify"}, {"flow": "tags.set ⊕ notify(path)", "in": "path,value,opts={}", "name": "write", "out": "tag"}, {"flow": "write(path, (cur?.value||0)+by, type:Counter)", "in": "path,by=1", "name": "inc"}, {"in": "path", "name": "read", "out": "tag?"}, {"flow": "tags.delete ⊕ notify", "in": "path", "name": "del"}, {"in": "prefix=''''", "name": "list", "out": "[[path,tag],…]"}, {"in": "pattern,fn", "name": "subscribe", "out": "unsub"}, {"in": "path,quality", "name": "setQuality"}, {"flow": "∀ tag.quality=good ∧ ts<now-age → 🟡", "in": "prefix,ageMs", "name": "sweepStale"}], "和": true, "🏗️": "🏷️", "📦": {"subs": "m pattern:s → Set<(path, tag)→void>", "tags": "m path:s → { value:any quality:🟢|🟡|🔴 ts:ms type:s? }"}}');
INSERT INTO "programs" VALUES('L2/scada/programs/acg/version.json','2.6','⌖','version','L2/scada/gateway/scripts/version.js',NULL,'{"module": "L2/scada/gateway/scripts/version.js", "name": "version", "§": "2.6", "↑🖥️": ["version.sha", "version.shortSha", "version.committedAt", "version.message", "version.url"], "→": [{"flow": "Δt → Ns | Nm | Nh | Nd ago", "in": "ts:ms", "name": "rel", "out": "s"}, {"flow": "last? → #ver.text = ''⌖ sha7 · Nm ago'' ⊕ href/title", "name": "paint"}, {"flow": "GET api.github.com/repos/{REPO}/commits/{BRANCH} → last ⊕ VERSION.write(sha,shortSha,committedAt,message,url) ⊕ paint()", "name": "fetchVersion"}, {"flow": "fetchVersion() ⊕ setInterval(paint,30s) ⊕ setInterval(fetchVersion,5m)", "name": "startVersion"}], "⚙️": {"BRANCH": "main", "REPO": "teslasolar/ACGP2P"}, "和": true, "🏗️": "⌖", "📦": {"last": "{ sha:s, date:ms, url:s, msg:s } ?"}}');
INSERT INTO "programs" VALUES('L2/scada/programs/path.json',NULL,NULL,NULL,NULL,NULL,'{"parameters": {"kind": "filesystem", "label": "programs", "owners": [], "parent": "guild/Enterprise/L2/scada", "path": "guild/Enterprise/L2/scada/programs", "purpose": null}, "tags": {"breadcrumb": ["root", "guild", "guild_Enterprise", "guild_Enterprise_L2", "guild_Enterprise_L2_scada", "guild_Enterprise_L2_scada_programs"], "children": ["guild/Enterprise/L2/scada/programs/acg", "guild/Enterprise/L2/scada/programs/web-llm"], "depth": 5, "descendants": 2, "file_count": 0, "fs_path": "guild/Enterprise/L2/scada/programs", "id": "guild_Enterprise_L2_scada_programs", "kinds": {}, "last_generated": "2026-04-18T05:46:04Z", "route_bindings": [], "schema_version": "1.0.0", "siblings": ["guild/Enterprise/L2/scada/errors", "guild/Enterprise/L2/scada/gateway"], "subdir_count": 2}, "udtType": "FsPath"}');
INSERT INTO "programs" VALUES('L2/scada/programs/web-llm/engine.json','4.2.1','🧠','engine','L4/sandbox/web-llm/modules/engine.js',NULL,'{"module": "L4/sandbox/web-llm/modules/engine.js", "name": "engine", "§": "4.2.1", "↑🖥️(via 🛰️)": ["sandbox.web-llm.model.current", "sandbox.web-llm.model.gpu", "sandbox.web-llm.engine.ready", "sandbox.web-llm.engine.generating", "sandbox.web-llm.engine.streamedTokens", "sandbox.web-llm.engine.lastLatencyMs"], "→": [{"flow": "navigator.gpu.requestAdapter ⊕ MODEL.write(gpu)", "name": "checkGPU", "out": "{ok:b,vendor?:s,architecture?:s,reason?:s}"}, {"flow": "import(@mlc-ai/web-llm) ⊕ CreateMLCEngine ⊕ MODEL.write(current,🏗️Model) ⊕ ENGINE.write(ready,true)", "in": "id:s, onProgress?", "name": "loadModel"}, {"flow": "engine.chat.completions.create(stream:true) ⊕ ENGINE.write(generating,streamedTokens,lastLatencyMs)", "in": "messages:a, opts:{max_tokens?,temperature?}", "name": "streamChat", "out": "AsyncGenerator<s>"}, {"name": "isReady", "out": "b"}, {"name": "getEngine", "out": "MLCEngine?"}, {"name": "getModelId", "out": "s?"}], "和": true, "🏗️": "🧠", "📦": {"engine": "MLCEngine?", "modelId": "s?", "webllm": "module?"}}');
INSERT INTO "programs" VALUES('L2/scada/programs/web-llm/fs-panel.json','4.2.4','📁','fs-panel','L4/sandbox/web-llm/modules/fs-panel.js',NULL,'{"module": "L4/sandbox/web-llm/modules/fs-panel.js", "name": "fs-panel", "§": "4.2.4", "↑🖥️(via 🛰️)": ["sandbox.web-llm.fs.fileCount", "sandbox.web-llm.fs.files", "sandbox.web-llm.fs.currentPreview", "sandbox.web-llm.git.commitCount", "sandbox.web-llm.git.branch", "sandbox.web-llm.git.lastCommit (🏗️Commit UDT)"], "→": [{"flow": "listFiles(''/'') → rebuild #file-list ⊕ FS.write(fileCount,files)", "name": "refreshFileList"}, {"flow": "readFile → if html → showPreview", "in": "path", "name": "selectFile"}, {"flow": "getPreviewableFiles → rebuild #preview-tabs", "name": "refreshPreviewTabs"}, {"flow": "getPreviewHTML → iframe.srcdoc ⊕ FS.write(currentPreview,path)", "in": "path", "name": "showPreview"}, {"flow": "iframe hide ⊕ FS.del(currentPreview)", "name": "clearPreview"}, {"flow": "getLog(10) → rebuild #commit-log ⊕ GIT.write(commitCount,branch,lastCommit)", "name": "refreshCommitLog"}, {"flow": "commitChanges ⊕ refreshCommitLog", "in": "msg:s", "name": "manualCommit"}], "和": true, "🏗️": "📁", "📦": {"currentPreview": "s?", "selectedFile": "s?"}}');
INSERT INTO "programs" VALUES('L2/scada/programs/web-llm/main.json','4.2.0','🚀','main (web-llm)','L4/sandbox/web-llm/modules/main.js',NULL,'{"module": "L4/sandbox/web-llm/modules/main.js", "name": "main (web-llm)", "§": "4.2.0", "↑🖥️(via 🛰️)": ["sandbox.web-llm.sys.startedAt", "sandbox.web-llm.sys.userAgent", "sandbox.web-llm.chat.*"], "→": [{"flow": "MODELS → #model-select <option>s", "name": "hydrateSelect"}, {"flow": "#gpu-status.text+class ∨ disable load button", "name": "checkGPU→UI"}, {"flow": "loadModel(id, progressCb→#load-bar/#load-status) ⊕ #model-status ⊕ startSandbox", "name": "load.onclick"}, {"flow": "startSandbox() w/o model", "name": "skip.onclick"}, {"flow": "SYS.write(startedAt,userAgent) ⊕ initRepo ⊕ refreshFileList/CommitLog ⊕ configureVoice(on*) ⊕ setupMic ⊕ setupRecognition ⊕ startListeningAuto ⊕ setInterval(updateEmotionDots,200)", "name": "startSandbox"}, {"flow": "emotionSnapshot → user bubble ⊕ build system+history → streamChat → incremental updateMsgText ⊕ parseAndRunAll (auto preview html) ⊕ if any tool → follow-up streamChat ⊕ refreshFileList/CommitLog", "in": "text:s", "name": "sendMessage"}, {"flow": "snap.values[k] → .emo-dot opacity+active", "name": "updateEmotionDots"}], "和": true, "🎹": {"#btn-commit.click": "prompt → manualCommit ⊕ logRow", "#btn-mic.click": "toggleListening ⊕ .active", "#btn-new-repo.click": "prompt → initRepo ⊕ clearPreview ⊕ refresh", "#btn-refresh-preview.click": "hasPreview? → showPreview(getCurrentPreview)", "#btn-send.click": "sendMessage(value)", "#chat-input.Enter": "sendMessage(value)"}, "🏗️": "🚀"}');
INSERT INTO "programs" VALUES('L2/scada/programs/web-llm/mcp-tools-engine.json','4.2.5','{"VFile": "path:s, type:e, size:i, mtime:ms", "Directory": "path:s, entries:a[s], fileCount:i, mtime:ms", "FileTree": "root:s, nodes:a[{path,type,size?}], fileCount:i", "Commit": "id:s7, message:s, ts:ms, files:i", "Branch": "name:s, head:s7?, commitCount:i", "Status": "clean:b, added:a[s], modified:a[s], deleted:a[s], commits:i", "Diff": "ref:s?, added:a[s], modified:a[s], deleted:a[s]", "Preview": "path:s, sizeBytes:i, inlined:a[{path,kind}], ts:ms", "ExportArtifact": "format:e[json|bundle], size:i, ts:ms", "Scaffold": "kind:e[vanilla|spa|markdown|canvas], files:a[s], entry:s?", "ToolCall": "name:s, args:o, ok:b, result:s?, ts:ms"}','mcp-tools-engine','L4/sandbox/web-llm/modules/mcp-tools-engine.js','Virtual filesystem + git-lite + previewer + scaffolds + fenced LLM-tool parser/dispatcher. The monolithic mcp-tools-engine.js is now a thin re-export shim; every concern lives in its own file under mcp/.','{"desc": "Virtual filesystem + git-lite + previewer + scaffolds + fenced LLM-tool parser/dispatcher. The monolithic mcp-tools-engine.js is now a thin re-export shim; every concern lives in its own file under mcp/.", "module": "L4/sandbox/web-llm/modules/mcp-tools-engine.js", "modules_split": ["L4/sandbox/web-llm/modules/mcp/repo.js", "L4/sandbox/web-llm/modules/mcp/vfs.js", "L4/sandbox/web-llm/modules/mcp/git.js", "L4/sandbox/web-llm/modules/mcp/preview.js", "L4/sandbox/web-llm/modules/mcp/scaffold.js", "L4/sandbox/web-llm/modules/mcp/tools.js"], "name": "mcp-tools-engine", "tags": "L4/sandbox/web-llm/tags.json", "udts": "L4/sandbox/web-llm/udts.json", "§": "4.2.5", "↑🛰️ (sandbox.web-llm via bridge)": ["create_file", "edit_file", "patch_file", "delete_file", "mkdir", "mv", "cp", "tree", "init_repo", "commit", "status", "diff", "checkout", "branch", "preview", "bundle", "scaffold", "export", "import", "tool_call"], "→git (mcp/git.js)": ["initRepo(name) · commitChanges(msg) · getLog(n=20) · getDiff(ref?)", "getStatus() · checkout(ref) · branch(name) · listBranches() · getRepoState()", "exportRepo() · importRepo(json)"], "→llm-tools (mcp/tools.js)": ["parseToolCalls(text) · executeTool(name,args) · buildToolSystemPrompt()"], "→preview (mcp/preview.js)": ["getPreviewableFiles() · getPreviewHTML(path)", "getPreviewBlobUrl(path) · bundle(path)"], "→scaffold (mcp/scaffold.js)": ["scaffold(kind) · SCAFFOLD_KINDS = [vanilla, spa, markdown, canvas]"], "→vfs (mcp/vfs.js)": ["createFile(path,content?) · editFile(path,content) · patchFile(path,old,new)", "deleteFile(path) · readFile(path) · listFiles(prefix=''/'') · searchFiles(query) · getAllFiles()", "mkdir(path) · moveFile(from,to) · copyFile(from,to) · tree(prefix=''/'')"], "⚡dispatch": ["create_file", "edit_file", "patch_file", "delete_file", "read_file", "list_files", "search_files", "mkdir", "mv", "cp", "tree", "commit", "status", "diff", "log", "branch", "checkout", "preview", "bundle", "scaffold", "export", "import"], "和": true, "🏗️": {"Branch": "name:s, head:s7?, commitCount:i", "Commit": "id:s7, message:s, ts:ms, files:i", "Diff": "ref:s?, added:a[s], modified:a[s], deleted:a[s]", "Directory": "path:s, entries:a[s], fileCount:i, mtime:ms", "ExportArtifact": "format:e[json|bundle], size:i, ts:ms", "FileTree": "root:s, nodes:a[{path,type,size?}], fileCount:i", "Preview": "path:s, sizeBytes:i, inlined:a[{path,kind}], ts:ms", "Scaffold": "kind:e[vanilla|spa|markdown|canvas], files:a[s], entry:s?", "Status": "clean:b, added:a[s], modified:a[s], deleted:a[s], commits:i", "ToolCall": "name:s, args:o, ok:b, result:s?, ts:ms", "VFile": "path:s, type:e, size:i, mtime:ms"}, "📦": {"repo (mcp/repo.js)": {"branch": "s", "branches": "m name:s → { head:s7? }", "commits": "a [{ id:s7, message:s, ts:ms, branch:s, snapshot:o }]", "directories": "Set<s> (explicit mkdir targets)", "files": "m path:s → { content:s, mtime:ms }", "name": "s", "staged": "m (reserved)"}}}');
INSERT INTO "programs" VALUES('L2/scada/programs/web-llm/path.json',NULL,NULL,NULL,NULL,NULL,'{"parameters": {"kind": "filesystem", "label": "web-llm", "owners": [], "parent": "guild/Enterprise/L2/scada/programs", "path": "guild/Enterprise/L2/scada/programs/web-llm", "purpose": null}, "tags": {"breadcrumb": ["root", "guild", "guild_Enterprise", "guild_Enterprise_L2", "guild_Enterprise_L2_scada", "guild_Enterprise_L2_scada_programs", "guild_Enterprise_L2_scada_programs_web-llm"], "children": [], "depth": 6, "descendants": 0, "file_count": 6, "fs_path": "guild/Enterprise/L2/scada/programs/web-llm", "id": "guild_Enterprise_L2_scada_programs_web-llm", "kinds": {"json": 6}, "last_generated": "2026-04-18T05:46:04Z", "route_bindings": [], "schema_version": "1.0.0", "siblings": ["guild/Enterprise/L2/scada/programs/acg"], "subdir_count": 0}, "udtType": "FsPath"}');
INSERT INTO "programs" VALUES('L2/scada/programs/web-llm/tools.json','4.2.3','🔧','tools','L4/sandbox/web-llm/modules/tools.js',NULL,'{"module": "L4/sandbox/web-llm/modules/tools.js", "name": "tools", "§": "4.2.3", "↑🖥️(via 🛰️)": ["sandbox.web-llm.tool.count", "sandbox.web-llm.tool.last (🏗️ToolCall UDT)"], "→": [{"flow": "executeTool ⊕ logRow", "in": "name:e, args:o", "name": "runToolCall", "out": "result:o"}, {"flow": "parseToolCalls ⊕ ∀ tc → runToolCall ⊕ onAfter", "in": "text:s, onAfter(tc,r)?", "name": "parseAndRunAll"}, {"flow": "TOOL.inc(count) ⊕ TOOL.write(last,🏗️ToolCall) ⊕ DOM.prepend(.tool-entry)", "in": "name,args,result", "name": "logRow"}], "和": true, "🏗️": "🔧", "📦": {"callCount": "i"}}');
INSERT INTO "programs" VALUES('L2/scada/programs/web-llm/voice.json','4.2.2','🎤','voice','L4/sandbox/web-llm/modules/voice.js',NULL,'{"module": "L4/sandbox/web-llm/modules/voice.js", "name": "voice", "§": "4.2.2", "↑🖥️(via 🛰️)": ["sandbox.web-llm.voice.micConnected", "sandbox.web-llm.voice.listening", "sandbox.web-llm.voice.state (🏗️Voice UDT)", "sandbox.web-llm.emotion.state (🏗️Emotion UDT)", "sandbox.web-llm.emotion.dominant"], "→": [{"flow": "getUserMedia(audio) ⊕ AudioContext ⊕ Analyser(fft=2048) ⊕ VOICE.write(micConnected,true)", "name": "setupMic"}, {"flow": "rAF → RMS, F0 (autocorrelation), formant→vowel, onset→pulseRate ⊕ emotion heuristics ⊕ ~250ms throttle → VOICE/EMOTION.write", "name": "analyzeLoop"}, {"flow": "new SpeechRecognition(continuous,interim) ⊕ auto-restart on end", "name": "setupRecognition"}, {"flow": "resume(audioCtx) ⊕ toggle micActive ⊕ recognition.start/stop", "name": "toggleListening"}, {"flow": "analyser? ∧ recognition? → start ⊕ VOICE.write(listening,true)", "name": "startListeningAuto"}, {"name": "emotionSnapshot", "out": "{dominant:s, values:o}"}], "和": true, "🏗️": "🎤", "📦": {"analyser": "AnalyserNode?", "audioCtx": "AudioContext?", "dominantEmo": "s", "emotions": {"anger": "f", "calm": "f", "curiosity": "f", "excitement": "f", "joy": "f", "sadness": "f"}, "micActive": "b", "recognition": "SpeechRecognition?", "voice": {"coherence": "f", "energy": "f", "f0": "f", "pDelta": "f", "pulseRate": "f", "rms": "f", "sustain": "f", "vowel": "e[oo|oh|ah|eh|ee]"}}}');
CREATE TABLE subsystem_namespaces (
  subsystem_id TEXT NOT NULL,
  namespace    TEXT NOT NULL,
  PRIMARY KEY (subsystem_id, namespace),
  FOREIGN KEY (subsystem_id) REFERENCES subsystems(id) ON DELETE CASCADE
);
INSERT INTO "subsystem_namespaces" VALUES('💬 chat','chat');
INSERT INTO "subsystem_namespaces" VALUES('💬 chat','room');
INSERT INTO "subsystem_namespaces" VALUES('💬 chat','tracker');
INSERT INTO "subsystem_namespaces" VALUES('💬 chat','peers');
INSERT INTO "subsystem_namespaces" VALUES('💬 chat','signal');
INSERT INTO "subsystem_namespaces" VALUES('🔑 auth','auth');
INSERT INTO "subsystem_namespaces" VALUES('📡 auth.webrtc','auth.webrtc');
INSERT INTO "subsystem_namespaces" VALUES('🌊 auth.webtorrent','auth.webtorrent');
INSERT INTO "subsystem_namespaces" VALUES('🖥️ scada','sys');
INSERT INTO "subsystem_namespaces" VALUES('🖥️ scada','version');
INSERT INTO "subsystem_namespaces" VALUES('⚠ errors','errors');
INSERT INTO "subsystem_namespaces" VALUES('🗄️ db','*');
INSERT INTO "subsystem_namespaces" VALUES('🖼 hmi','hmi');
INSERT INTO "subsystem_namespaces" VALUES('🔧 plc','plc');
INSERT INTO "subsystem_namespaces" VALUES('🧪 sandbox','sandbox');
CREATE TABLE subsystems (
  id            TEXT PRIMARY KEY,      -- e.g. '💬 chat'
  name          TEXT,                  -- slug, e.g. 'chat'
  dir           TEXT,
  provider      TEXT,
  udts_path     TEXT,
  tags_path     TEXT,
  host          TEXT,                  -- gateway host if module
  registered_at TEXT DEFAULT CURRENT_TIMESTAMP
);
INSERT INTO "subsystems" VALUES('💬 chat','chat','L2/hmi/chat/','L2/hmi/chat/provider.py','L2/hmi/chat/udts.json','L2/hmi/chat/tags.json',NULL,'2026-04-18 05:50:09');
INSERT INTO "subsystems" VALUES('🔑 auth','auth','L2/scada/gateway/auth/','L2/scada/gateway/auth/provider.py','L2/scada/gateway/auth/udts.json','L2/scada/gateway/auth/tags.json','L2/scada/gateway/','2026-04-18 05:50:09');
INSERT INTO "subsystems" VALUES('📡 auth.webrtc','auth.webrtc','L2/scada/gateway/auth/webrtc/','L2/scada/gateway/auth/webrtc/provider.py','L2/scada/gateway/auth/webrtc/udts.json','L2/scada/gateway/auth/webrtc/tags.json',NULL,'2026-04-18 05:50:09');
INSERT INTO "subsystems" VALUES('🌊 auth.webtorrent','auth.webtorrent','L2/scada/gateway/auth/webtorrent/','L2/scada/gateway/auth/webtorrent/provider.py','L2/scada/gateway/auth/webtorrent/udts.json','L2/scada/gateway/auth/webtorrent/tags.json',NULL,'2026-04-18 05:50:09');
INSERT INTO "subsystems" VALUES('🖥️ scada','scada','L2/scada/','L2/scada/provider.py','L2/scada/udts.json','L2/scada/tags.json',NULL,'2026-04-18 05:50:09');
INSERT INTO "subsystems" VALUES('⚠ errors','errors','L2/scada/errors/','L2/scada/errors/provider.py','L2/scada/errors/udts.json','L2/scada/errors/tags.json',NULL,'2026-04-18 05:50:09');
INSERT INTO "subsystems" VALUES('🗄️ db','db','L3/db/',NULL,NULL,'L3/db/tags.json',NULL,'2026-04-18 05:50:09');
INSERT INTO "subsystems" VALUES('🖼 hmi','hmi','L2/hmi/','L2/hmi/provider.py','L2/hmi/udts.json','L2/hmi/tags.json',NULL,'2026-04-18 05:50:09');
INSERT INTO "subsystems" VALUES('🔧 plc','plc','L1/plc/','L1/plc/provider.py','L1/plc/udts.json','L1/plc/tags.json',NULL,'2026-04-18 05:50:09');
INSERT INTO "subsystems" VALUES('🧪 sandbox','sandbox','L4/sandbox/','L4/sandbox/provider.py','L4/sandbox/udts.json','L4/sandbox/tags.json',NULL,'2026-04-18 05:50:09');
CREATE TABLE tags (
  id           INTEGER PRIMARY KEY AUTOINCREMENT,
  path         TEXT,                    -- exact path (one of)
  path_pattern TEXT,                    -- pattern path (cardinality=many)
  type         TEXT,
  cardinality  TEXT DEFAULT 'one',      -- 'one' | 'many'
  unit         TEXT,
  desc         TEXT,
  subsystem_id TEXT,
  FOREIGN KEY (subsystem_id) REFERENCES subsystems(id) ON DELETE SET NULL
);
INSERT INTO "tags" VALUES(1,'chat.msgsIn',NULL,'Counter','one','msgs','total inbound messages','💬 chat');
INSERT INTO "tags" VALUES(2,'chat.msgsOut',NULL,'Counter','one','msgs','total outbound messages','💬 chat');
INSERT INTO "tags" VALUES(3,'chat.lastMsgAt',NULL,'DateTime','one',NULL,'timestamp of last tx/rx','💬 chat');
INSERT INTO "tags" VALUES(4,'room.name',NULL,'String','one',NULL,'current room name','💬 chat');
INSERT INTO "tags" VALUES(5,'room.hash',NULL,'String','one',NULL,'SHA1(acg:room)','💬 chat');
INSERT INTO "tags" VALUES(6,'room.joinedAt',NULL,'DateTime','one',NULL,NULL,'💬 chat');
INSERT INTO "tags" VALUES(7,'room.peerCount',NULL,'Counter','one','peers','connected peers incl. self','💬 chat');
INSERT INTO "tags" VALUES(8,'room.data',NULL,'UDT:Room','one',NULL,NULL,'💬 chat');
INSERT INTO "tags" VALUES(9,'tracker.current',NULL,'UDT:Tracker','one',NULL,'live tracker record','💬 chat');
INSERT INTO "tags" VALUES(10,'tracker.state',NULL,'String','one',NULL,'connecting|connected|reconnecting|failed|offline','💬 chat');
INSERT INTO "tags" VALUES(11,'tracker.announces',NULL,'Counter','one','count',NULL,'💬 chat');
INSERT INTO "tags" VALUES(12,'tracker.lastAnnounceAt',NULL,'DateTime','one',NULL,NULL,'💬 chat');
INSERT INTO "tags" VALUES(13,NULL,'peers.<peerId>','UDT:Peer','many',NULL,'one record per open RTCDataChannel; auto-del on disconnect','💬 chat');
INSERT INTO "tags" VALUES(14,'signal.last',NULL,'UDT:SignalEvent','one',NULL,NULL,'💬 chat');
INSERT INTO "tags" VALUES(15,'signal.offersIn',NULL,'Counter','one',NULL,NULL,'💬 chat');
INSERT INTO "tags" VALUES(16,'signal.answersIn',NULL,'Counter','one',NULL,NULL,'💬 chat');
INSERT INTO "tags" VALUES(17,'signal.answersOut',NULL,'Counter','one',NULL,NULL,'💬 chat');
INSERT INTO "tags" VALUES(18,'auth.profile',NULL,'UDT:Profile','one',NULL,'current signed-in identity or null','🔑 auth');
INSERT INTO "tags" VALUES(19,'auth.signedIn',NULL,'Boolean','one',NULL,'derived: profile != null','🔑 auth');
INSERT INTO "tags" VALUES(20,'auth.webrtc.peerId',NULL,'String','one',NULL,'20-byte BT-style peer id: -ACG001-<12 hex>','📡 auth.webrtc');
INSERT INTO "tags" VALUES(21,'auth.webrtc.shortId',NULL,'String','one',NULL,'last 8 chars of peerId — used as display name','📡 auth.webrtc');
INSERT INTO "tags" VALUES(22,'auth.webrtc.identity',NULL,'UDT:WebRTCPeerIdentity','one',NULL,'canonical identity record','📡 auth.webrtc');
INSERT INTO "tags" VALUES(23,'auth.webrtc.signedIn',NULL,'Boolean','one',NULL,'true once peerId has been generated + announced','📡 auth.webrtc');
INSERT INTO "tags" VALUES(24,'auth.webrtc.signedInAt',NULL,'DateTime','one',NULL,NULL,'📡 auth.webrtc');
INSERT INTO "tags" VALUES(25,'auth.webrtc.ice',NULL,'UDT:IceConfig','one',NULL,'active ICE server set from OAUTH/ICE config','📡 auth.webrtc');
INSERT INTO "tags" VALUES(26,'auth.webrtc.conn',NULL,'UDT:ConnStats','one',NULL,'aggregate connection stats across all RTCPeerConnections','📡 auth.webrtc');
INSERT INTO "tags" VALUES(27,'auth.webrtc.lastError',NULL,'String','one',NULL,NULL,'📡 auth.webrtc');
INSERT INTO "tags" VALUES(28,'auth.webtorrent.room',NULL,'String','one',NULL,'current room name (SHA-1 → info_hash)','🌊 auth.webtorrent');
INSERT INTO "tags" VALUES(29,'auth.webtorrent.infoHash',NULL,'String','one',NULL,'SHA-1("acg:"+room)','🌊 auth.webtorrent');
INSERT INTO "tags" VALUES(30,NULL,'auth.webtorrent.trackers.<idx>','UDT:TrackerEndpoint','many',NULL,'one row per tracker in the fallback chain (idx = 0..N-1)','🌊 auth.webtorrent');
INSERT INTO "tags" VALUES(31,'auth.webtorrent.activeTracker',NULL,'String','one',NULL,'URL of the tracker currently announced-to','🌊 auth.webtorrent');
INSERT INTO "tags" VALUES(32,'auth.webtorrent.announce',NULL,'UDT:AnnounceState','one',NULL,'most recent announce packet','🌊 auth.webtorrent');
INSERT INTO "tags" VALUES(33,'auth.webtorrent.peers',NULL,'UDT:PeerDiscovery','one',NULL,'rolling peer-discovery counters','🌊 auth.webtorrent');
INSERT INTO "tags" VALUES(34,'auth.webtorrent.signedIn',NULL,'Boolean','one',NULL,'true while at least one tracker is open','🌊 auth.webtorrent');
INSERT INTO "tags" VALUES(35,'auth.webtorrent.signedInAt',NULL,'DateTime','one',NULL,NULL,'🌊 auth.webtorrent');
INSERT INTO "tags" VALUES(36,'auth.webtorrent.lastError',NULL,'String','one',NULL,NULL,'🌊 auth.webtorrent');
INSERT INTO "tags" VALUES(37,'sys.startedAt',NULL,'DateTime','one',NULL,'page load epoch','🖥️ scada');
INSERT INTO "tags" VALUES(38,'sys.uptimeSec',NULL,'Counter','one','s','seconds since load','🖥️ scada');
INSERT INTO "tags" VALUES(39,'sys.myId',NULL,'String','one',NULL,'20-byte peer id ''-ACG001-xxxxxxxxxxxx''','🖥️ scada');
INSERT INTO "tags" VALUES(40,'sys.myNm',NULL,'String','one',NULL,'8-char peer name (last 8 of myId)','🖥️ scada');
INSERT INTO "tags" VALUES(41,'sys.myEm',NULL,'String','one',NULL,'emoji badge derived from myId','🖥️ scada');
INSERT INTO "tags" VALUES(42,'sys.trackerCount',NULL,'Counter','one',NULL,'size of TRACKERS fallback chain','🖥️ scada');
INSERT INTO "tags" VALUES(43,'sys.userAgent',NULL,'String','one',NULL,NULL,'🖥️ scada');
INSERT INTO "tags" VALUES(44,'version.sha',NULL,'String','one',NULL,'full commit SHA (cached)','🖥️ scada');
INSERT INTO "tags" VALUES(45,'version.shortSha',NULL,'String','one',NULL,'first 7 chars','🖥️ scada');
INSERT INTO "tags" VALUES(46,'version.committedAt',NULL,'DateTime','one',NULL,NULL,'🖥️ scada');
INSERT INTO "tags" VALUES(47,'version.message',NULL,'String','one',NULL,NULL,'🖥️ scada');
INSERT INTO "tags" VALUES(48,'version.url',NULL,'String','one',NULL,NULL,'🖥️ scada');
INSERT INTO "tags" VALUES(49,'version.rateLimited',NULL,'Boolean','one',NULL,'true if GitHub API returned 403 last poll','🖥️ scada');
INSERT INTO "tags" VALUES(50,'errors.count',NULL,'Counter','one',NULL,'total entries ever logged','⚠ errors');
INSERT INTO "tags" VALUES(51,'errors.lastAt',NULL,'DateTime','one',NULL,'ts of most recent entry','⚠ errors');
INSERT INTO "tags" VALUES(52,'errors.last',NULL,'UDT:LogEntry','one',NULL,'most recent entry','⚠ errors');
INSERT INTO "tags" VALUES(53,'errors.ring',NULL,'Array<LogEntry>','one',NULL,'last N=200 entries (FIFO)','⚠ errors');
INSERT INTO "tags" VALUES(54,NULL,'errors.byLevel.<LEVEL>.count','Counter','many',NULL,'level ∈ {ERROR,WARN,INFO,DEBUG}','⚠ errors');
INSERT INTO "tags" VALUES(55,'hmi.layer.current',NULL,'e[L1|L2|L3|L4|L5]','one',NULL,'currently active ISA-101 screen layer','🖼 hmi');
INSERT INTO "tags" VALUES(56,'hmi.nav.path',NULL,'s','one',NULL,'current page path','🖼 hmi');
INSERT INTO "tags" VALUES(57,'hmi.nav.history',NULL,'Array<NavTarget>','one',NULL,'last N=50 navigations (FIFO)','🖼 hmi');
INSERT INTO "tags" VALUES(58,NULL,'hmi.alarms.summary.p<N>','UDT:AlarmBadge','many',NULL,'active + unacked count per priority N ∈ {1..4}','🖼 hmi');
INSERT INTO "tags" VALUES(59,'hmi.alarms.summary.total',NULL,'i','one',NULL,'total active alarms across all priorities','🖼 hmi');
INSERT INTO "tags" VALUES(60,'hmi.alarms.summary.unacked',NULL,'i','one',NULL,'total unacked alarms','🖼 hmi');
INSERT INTO "tags" VALUES(61,NULL,'hmi.palette.<state>','UDT:ColorMeaning','many',NULL,'semantic color for state ∈ {Normal,Running,Stopped,Warning,Alarm,Fault,Maint,Disabled,Manual,Transition}','🖼 hmi');
INSERT INTO "tags" VALUES(62,NULL,'hmi.faceplates.<tag>','UDT:Faceplate','many',NULL,'registered faceplate per equipment tag','🖼 hmi');
INSERT INTO "tags" VALUES(63,NULL,'hmi.layers.<id>','UDT:ScreenLayer','many',NULL,'metadata for each ISA-101 layer id ∈ {L1..L5}','🖼 hmi');
INSERT INTO "tags" VALUES(64,'plc.project',NULL,'UDT:Project','one',NULL,'current GitPLC project header','🔧 plc');
INSERT INTO "tags" VALUES(65,'plc.types.count',NULL,'i','one',NULL,'number of UDT templates loaded','🔧 plc');
INSERT INTO "tags" VALUES(66,NULL,'plc.types.<name>','UDT:TypeSummary','many',NULL,'per-UDT summary row (name, base, version, field count)','🔧 plc');
INSERT INTO "tags" VALUES(67,'plc.equipment.count',NULL,'i','one',NULL,'nodes in equipment tree','🔧 plc');
INSERT INTO "tags" VALUES(68,NULL,'plc.equipment.<path>','UDT:EquipmentNode','many',NULL,'one node per ISA-88 equipment path','🔧 plc');
INSERT INTO "tags" VALUES(69,'plc.io.cards',NULL,'i','one',NULL,'IO card count','🔧 plc');
INSERT INTO "tags" VALUES(70,'plc.io.points',NULL,'i','one',NULL,'total IO points across cards','🔧 plc');
INSERT INTO "tags" VALUES(71,NULL,'plc.sync.<vendor>','UDT:SyncStatus','many',NULL,'last sync attempt per vendor','🔧 plc');
INSERT INTO "tags" VALUES(72,'plc.git.head',NULL,'UDT:GitHead','one',NULL,'HEAD commit of gitplc project','🔧 plc');
INSERT INTO "tags" VALUES(73,'plc.git.dirty',NULL,'b','one',NULL,'working tree has uncommitted changes','🔧 plc');
INSERT INTO "tags" VALUES(74,'sandbox.bridgeOpen',NULL,'Boolean','one',NULL,'ch is live','🧪 sandbox');
INSERT INTO "tags" VALUES(75,'sandbox.channel',NULL,'String','one',NULL,'name of the channel','🧪 sandbox');
INSERT INTO "tags" VALUES(76,NULL,'sandbox.<source>.lastEvent','String','many',NULL,NULL,'🧪 sandbox');
INSERT INTO "tags" VALUES(77,NULL,'sandbox.<source>.lastEventAt','DateTime','many',NULL,NULL,'🧪 sandbox');
INSERT INTO "tags" VALUES(78,NULL,'sandbox.<source>.<tagPath>','any','many',NULL,'mirror of every tag the sandbox tool publishes (on type===''tag'')','🧪 sandbox');
INSERT INTO "tags" VALUES(79,NULL,'sandbox.<source>.event.<type>','UDT:MeshEnvelope','many',NULL,'non-tag events (tool_call, file_change, init, …)','🧪 sandbox');
INSERT INTO "tags" VALUES(80,NULL,'sandbox.<source>.events.<type>.count','Counter','many',NULL,NULL,'🧪 sandbox');
CREATE TABLE udt_fields (
  udt        TEXT NOT NULL,
  name       TEXT NOT NULL,
  type       TEXT,
  nullable   INTEGER DEFAULT 0,
  is_array   INTEGER DEFAULT 0,
  position   INTEGER,
  desc       TEXT,
  PRIMARY KEY (udt, name),
  FOREIGN KEY (udt) REFERENCES udts(name) ON DELETE CASCADE
);
INSERT INTO "udt_fields" VALUES('Peer','id','s20',0,0,0,NULL);
INSERT INTO "udt_fields" VALUES('Peer','name','s',0,0,1,NULL);
INSERT INTO "udt_fields" VALUES('Peer','emoji','s',0,0,2,NULL);
INSERT INTO "udt_fields" VALUES('Peer','avatar','s?',0,0,3,NULL);
INSERT INTO "udt_fields" VALUES('Peer','state','e[open|closed]',0,0,4,NULL);
INSERT INTO "udt_fields" VALUES('Peer','channels','i',0,0,5,NULL);
INSERT INTO "udt_fields" VALUES('Peer','connectedAt','ms',0,0,6,NULL);
INSERT INTO "udt_fields" VALUES('Peer','msgsIn','i',0,0,7,NULL);
INSERT INTO "udt_fields" VALUES('Peer','msgsOut','i',0,0,8,NULL);
INSERT INTO "udt_fields" VALUES('Peer','lastSeen','ms',0,0,9,NULL);
INSERT INTO "udt_fields" VALUES('Tracker','url','s',0,0,0,NULL);
INSERT INTO "udt_fields" VALUES('Tracker','state','e[connecting|connected|reconnecting|failed|offline]',0,0,1,NULL);
INSERT INTO "udt_fields" VALUES('Tracker','connectedAt','ms?',0,0,2,NULL);
INSERT INTO "udt_fields" VALUES('Tracker','announces','i',0,0,3,NULL);
INSERT INTO "udt_fields" VALUES('Tracker','lastAnnounceAt','ms?',0,0,4,NULL);
INSERT INTO "udt_fields" VALUES('Room','name','s',0,0,0,NULL);
INSERT INTO "udt_fields" VALUES('Room','hash','s40',0,0,1,NULL);
INSERT INTO "udt_fields" VALUES('Room','peerCount','i',0,0,2,NULL);
INSERT INTO "udt_fields" VALUES('Room','joinedAt','ms',0,0,3,NULL);
INSERT INTO "udt_fields" VALUES('Channel','id','s',0,0,0,NULL);
INSERT INTO "udt_fields" VALUES('Channel','peerId','s20',0,0,1,NULL);
INSERT INTO "udt_fields" VALUES('Channel','state','e',0,0,2,NULL);
INSERT INTO "udt_fields" VALUES('Channel','openedAt','ms',0,0,3,NULL);
INSERT INTO "udt_fields" VALUES('msg','t','"msg"',0,0,0,NULL);
INSERT INTO "udt_fields" VALUES('msg','id','s20',0,0,1,NULL);
INSERT INTO "udt_fields" VALUES('msg','txt','s',0,0,2,NULL);
INSERT INTO "udt_fields" VALUES('msg','ts','ms',0,0,3,NULL);
INSERT INTO "udt_fields" VALUES('hi','t','"hi"',0,0,0,NULL);
INSERT INTO "udt_fields" VALUES('hi','id','s20',0,0,1,NULL);
INSERT INTO "udt_fields" VALUES('hi','nm','s',0,0,2,NULL);
INSERT INTO "udt_fields" VALUES('hi','em','s',0,0,3,NULL);
INSERT INTO "udt_fields" VALUES('hi','av','s?',0,0,4,NULL);
INSERT INTO "udt_fields" VALUES('Profile','provider','e[discord|github]',0,0,0,NULL);
INSERT INTO "udt_fields" VALUES('Profile','id','s',0,0,1,NULL);
INSERT INTO "udt_fields" VALUES('Profile','username','s',0,0,2,NULL);
INSERT INTO "udt_fields" VALUES('Profile','avatar','s',0,0,3,NULL);
INSERT INTO "udt_fields" VALUES('WebRTCPeerIdentity','provider','"webrtc"',0,0,0,NULL);
INSERT INTO "udt_fields" VALUES('WebRTCPeerIdentity','id','s',0,0,1,NULL);
INSERT INTO "udt_fields" VALUES('WebRTCPeerIdentity','shortId','s',0,0,2,NULL);
INSERT INTO "udt_fields" VALUES('WebRTCPeerIdentity','emoji','s',0,0,3,NULL);
INSERT INTO "udt_fields" VALUES('WebRTCPeerIdentity','fingerprint','s?',0,0,4,NULL);
INSERT INTO "udt_fields" VALUES('WebRTCPeerIdentity','createdAt','ms',0,0,5,NULL);
INSERT INTO "udt_fields" VALUES('IceConfig','stunServers','a[s]',0,0,0,NULL);
INSERT INTO "udt_fields" VALUES('IceConfig','turnServers','a[s]?',0,0,1,NULL);
INSERT INTO "udt_fields" VALUES('IceConfig','policy','e[all|relay]?',0,0,2,NULL);
INSERT INTO "udt_fields" VALUES('ConnStats','state','e[new|connecting|connected|disconnected|failed|closed]',0,0,0,NULL);
INSERT INTO "udt_fields" VALUES('ConnStats','peers','i',0,0,1,NULL);
INSERT INTO "udt_fields" VALUES('ConnStats','openChannels','i',0,0,2,NULL);
INSERT INTO "udt_fields" VALUES('ConnStats','bytesSent','i',0,0,3,NULL);
INSERT INTO "udt_fields" VALUES('ConnStats','bytesRecv','i',0,0,4,NULL);
INSERT INTO "udt_fields" VALUES('ConnStats','ts','ms',0,0,5,NULL);
INSERT INTO "udt_fields" VALUES('TrackerEndpoint','url','s',0,0,0,NULL);
INSERT INTO "udt_fields" VALUES('TrackerEndpoint','state','e[unknown|ok|fail|trying|closed]',0,0,1,NULL);
INSERT INTO "udt_fields" VALUES('TrackerEndpoint','rttMs','i?',0,0,2,NULL);
INSERT INTO "udt_fields" VALUES('TrackerEndpoint','lastAt','ms?',0,0,3,NULL);
INSERT INTO "udt_fields" VALUES('AnnounceState','room','s',0,0,0,NULL);
INSERT INTO "udt_fields" VALUES('AnnounceState','infoHash','s',0,0,1,NULL);
INSERT INTO "udt_fields" VALUES('AnnounceState','tracker','s',0,0,2,NULL);
INSERT INTO "udt_fields" VALUES('AnnounceState','numWant','i',0,0,3,NULL);
INSERT INTO "udt_fields" VALUES('AnnounceState','nOffers','i',0,0,4,NULL);
INSERT INTO "udt_fields" VALUES('AnnounceState','ts','ms',0,0,5,NULL);
INSERT INTO "udt_fields" VALUES('PeerDiscovery','seen','i',0,0,0,NULL);
INSERT INTO "udt_fields" VALUES('PeerDiscovery','connected','i',0,0,1,NULL);
INSERT INTO "udt_fields" VALUES('PeerDiscovery','offers','i',0,0,2,NULL);
INSERT INTO "udt_fields" VALUES('PeerDiscovery','answers','i',0,0,3,NULL);
INSERT INTO "udt_fields" VALUES('PeerDiscovery','ts','ms',0,0,4,NULL);
INSERT INTO "udt_fields" VALUES('TagRecord','value','any',0,0,0,NULL);
INSERT INTO "udt_fields" VALUES('TagRecord','quality','e[good|stale|bad|uncertain]',0,0,1,NULL);
INSERT INTO "udt_fields" VALUES('TagRecord','ts','ms',0,0,2,NULL);
INSERT INTO "udt_fields" VALUES('TagRecord','type','s?',0,0,3,NULL);
INSERT INTO "udt_fields" VALUES('Provider','ns','s',0,0,0,NULL);
INSERT INTO "udt_fields" VALUES('Provider','ownedPrefixes','a[s]',0,0,1,NULL);
INSERT INTO "udt_fields" VALUES('Provider','moduleJs','s',0,0,2,NULL);
INSERT INTO "udt_fields" VALUES('Provider','moduleJython','s',0,0,3,NULL);
INSERT INTO "udt_fields" VALUES('LogEntry','ts','ms',0,0,0,NULL);
INSERT INTO "udt_fields" VALUES('LogEntry','level','e[ERROR|WARN|INFO|DEBUG]',0,0,1,NULL);
INSERT INTO "udt_fields" VALUES('LogEntry','logger','s',0,0,2,NULL);
INSERT INTO "udt_fields" VALUES('LogEntry','msg','s',0,0,3,NULL);
INSERT INTO "udt_fields" VALUES('LogEntry','stack','s?',0,0,4,NULL);
INSERT INTO "udt_fields" VALUES('LogEntry','meta','o?',0,0,5,NULL);
INSERT INTO "udt_fields" VALUES('ScreenLayer','id','e[L1|L2|L3|L4|L5]',0,0,0,NULL);
INSERT INTO "udt_fields" VALUES('ScreenLayer','name','s',0,0,1,NULL);
INSERT INTO "udt_fields" VALUES('ScreenLayer','scope','s',0,0,2,NULL);
INSERT INTO "udt_fields" VALUES('ScreenLayer','info','s',0,0,3,NULL);
INSERT INTO "udt_fields" VALUES('ScreenLayer','nav','a[s]',0,0,4,NULL);
INSERT INTO "udt_fields" VALUES('ColorMeaning','state','s',0,0,0,NULL);
INSERT INTO "udt_fields" VALUES('ColorMeaning','hex','s',0,0,1,NULL);
INSERT INTO "udt_fields" VALUES('ColorMeaning','use','s',0,0,2,NULL);
INSERT INTO "udt_fields" VALUES('Faceplate','tag','s',0,0,0,NULL);
INSERT INTO "udt_fields" VALUES('Faceplate','title','s',0,0,1,NULL);
INSERT INTO "udt_fields" VALUES('Faceplate','equipment','s?',0,0,2,NULL);
INSERT INTO "udt_fields" VALUES('Faceplate','pv','a[s]',0,0,3,NULL);
INSERT INTO "udt_fields" VALUES('Faceplate','sp','a[s]',0,0,4,NULL);
INSERT INTO "udt_fields" VALUES('Faceplate','commands','a[s]',0,0,5,NULL);
INSERT INTO "udt_fields" VALUES('Faceplate','nav','a[s]',0,0,6,NULL);
INSERT INTO "udt_fields" VALUES('NavTarget','path','s',0,0,0,NULL);
INSERT INTO "udt_fields" VALUES('NavTarget','layer','e[L1|L2|L3|L4|L5]',0,0,1,NULL);
INSERT INTO "udt_fields" VALUES('NavTarget','ts','ms',0,0,2,NULL);
INSERT INTO "udt_fields" VALUES('AlarmBadge','priority','i[1..4]',0,0,0,NULL);
INSERT INTO "udt_fields" VALUES('AlarmBadge','count','i',0,0,1,NULL);
INSERT INTO "udt_fields" VALUES('AlarmBadge','unacked','i',0,0,2,NULL);
INSERT INTO "udt_fields" VALUES('Project','name','s',0,0,0,NULL);
INSERT INTO "udt_fields" VALUES('Project','vendor','e[ab|siemens|codesys|beckhoff|omron|mitsubishi|universal]',0,0,1,NULL);
INSERT INTO "udt_fields" VALUES('Project','version','s',0,0,2,NULL);
INSERT INTO "udt_fields" VALUES('Project','isaLevel','e[ProcessCell|Unit|EM|CM]',0,0,3,NULL);
INSERT INTO "udt_fields" VALUES('TypeSummary','name','s',0,0,0,NULL);
INSERT INTO "udt_fields" VALUES('TypeSummary','base','s?',0,0,1,NULL);
INSERT INTO "udt_fields" VALUES('TypeSummary','version','s',0,0,2,NULL);
INSERT INTO "udt_fields" VALUES('TypeSummary','fields','i',0,0,3,NULL);
INSERT INTO "udt_fields" VALUES('TypeSummary','kind','s',0,0,4,NULL);
INSERT INTO "udt_fields" VALUES('EquipmentNode','path','s',0,0,0,NULL);
INSERT INTO "udt_fields" VALUES('EquipmentNode','level','e[ProcessCell|Unit|EM|CM]',0,0,1,NULL);
INSERT INTO "udt_fields" VALUES('EquipmentNode','children','i',0,0,2,NULL);
INSERT INTO "udt_fields" VALUES('EquipmentNode','state','s?',0,0,3,NULL);
INSERT INTO "udt_fields" VALUES('EquipmentNode','mode','s?',0,0,4,NULL);
INSERT INTO "udt_fields" VALUES('SyncStatus','vendor','s',0,0,0,NULL);
INSERT INTO "udt_fields" VALUES('SyncStatus','mode','e[upload|download|idle]',0,0,1,NULL);
INSERT INTO "udt_fields" VALUES('SyncStatus','target','s?',0,0,2,NULL);
INSERT INTO "udt_fields" VALUES('SyncStatus','ts','ms',0,0,3,NULL);
INSERT INTO "udt_fields" VALUES('SyncStatus','ok','b',0,0,4,NULL);
INSERT INTO "udt_fields" VALUES('GitHead','hash','s',0,0,0,NULL);
INSERT INTO "udt_fields" VALUES('GitHead','subject','s',0,0,1,NULL);
INSERT INTO "udt_fields" VALUES('GitHead','ts','ms',0,0,2,NULL);
INSERT INTO "udt_fields" VALUES('GitHead','dirty','b',0,0,3,NULL);
INSERT INTO "udt_fields" VALUES('MeshEnvelope','source','s',0,0,0,NULL);
INSERT INTO "udt_fields" VALUES('MeshEnvelope','type','s',0,0,1,NULL);
INSERT INTO "udt_fields" VALUES('MeshEnvelope','path','s?',0,0,2,NULL);
INSERT INTO "udt_fields" VALUES('MeshEnvelope','value','any?',0,0,3,NULL);
INSERT INTO "udt_fields" VALUES('MeshEnvelope','ts','ms',0,0,4,NULL);
INSERT INTO "udt_fields" VALUES('Model','id','s',0,0,0,NULL);
INSERT INTO "udt_fields" VALUES('Model','size','i?',0,0,1,NULL);
INSERT INTO "udt_fields" VALUES('Model','loaded','b',0,0,2,NULL);
INSERT INTO "udt_fields" VALUES('Model','loadedAt','ms?',0,0,3,NULL);
INSERT INTO "udt_fields" VALUES('Model','progress','i?',0,0,4,NULL);
INSERT INTO "udt_fields" VALUES('Model','status','s?',0,0,5,NULL);
INSERT INTO "udt_fields" VALUES('Engine','ready','b',0,0,0,NULL);
INSERT INTO "udt_fields" VALUES('Engine','generating','b?',0,0,1,NULL);
INSERT INTO "udt_fields" VALUES('Engine','streamedTokens','i?',0,0,2,NULL);
INSERT INTO "udt_fields" VALUES('Engine','lastLatencyMs','i?',0,0,3,NULL);
INSERT INTO "udt_fields" VALUES('Voice','micConnected','b',0,0,0,NULL);
INSERT INTO "udt_fields" VALUES('Voice','listening','b',0,0,1,NULL);
INSERT INTO "udt_fields" VALUES('Voice','rms','f',0,0,2,NULL);
INSERT INTO "udt_fields" VALUES('Voice','f0','f',0,0,3,NULL);
INSERT INTO "udt_fields" VALUES('Voice','energy','f',0,0,4,NULL);
INSERT INTO "udt_fields" VALUES('Voice','vowel','e[oo|oh|ah|eh|ee]',0,0,5,NULL);
INSERT INTO "udt_fields" VALUES('Voice','coherence','f',0,0,6,NULL);
INSERT INTO "udt_fields" VALUES('Voice','pulseRate','f',0,0,7,NULL);
INSERT INTO "udt_fields" VALUES('Emotion','dominant','e[excitement|calm|anger|sadness|joy|curiosity]',0,0,0,NULL);
INSERT INTO "udt_fields" VALUES('Emotion','excitement','f',0,0,1,NULL);
INSERT INTO "udt_fields" VALUES('Emotion','calm','f',0,0,2,NULL);
INSERT INTO "udt_fields" VALUES('Emotion','anger','f',0,0,3,NULL);
INSERT INTO "udt_fields" VALUES('Emotion','sadness','f',0,0,4,NULL);
INSERT INTO "udt_fields" VALUES('Emotion','joy','f',0,0,5,NULL);
INSERT INTO "udt_fields" VALUES('Emotion','curiosity','f',0,0,6,NULL);
INSERT INTO "udt_fields" VALUES('VFile','path','s',0,0,0,NULL);
INSERT INTO "udt_fields" VALUES('VFile','type','e',0,0,1,NULL);
INSERT INTO "udt_fields" VALUES('VFile','size','i',0,0,2,NULL);
INSERT INTO "udt_fields" VALUES('VFile','mtime','ms',0,0,3,NULL);
INSERT INTO "udt_fields" VALUES('Commit','id','s7',0,0,0,NULL);
INSERT INTO "udt_fields" VALUES('Commit','message','s',0,0,1,NULL);
INSERT INTO "udt_fields" VALUES('Commit','ts','ms',0,0,2,NULL);
INSERT INTO "udt_fields" VALUES('Commit','files','i',0,0,3,NULL);
INSERT INTO "udt_fields" VALUES('ToolCall','name','e[create_file|edit_file|patch_file|delete_file|read_file|list_files|search_files|commit|preview]',0,0,0,NULL);
INSERT INTO "udt_fields" VALUES('ToolCall','args','o',0,0,1,NULL);
INSERT INTO "udt_fields" VALUES('ToolCall','ok','b',0,0,2,NULL);
INSERT INTO "udt_fields" VALUES('ToolCall','result','any?',0,0,3,NULL);
INSERT INTO "udt_fields" VALUES('ToolCall','ts','ms',0,0,4,NULL);
INSERT INTO "udt_fields" VALUES('ChatMsg','role','e[user|ai|system]',0,0,0,NULL);
INSERT INTO "udt_fields" VALUES('ChatMsg','len','i',0,0,1,NULL);
INSERT INTO "udt_fields" VALUES('ChatMsg','ts','ms',0,0,2,NULL);
INSERT INTO "udt_fields" VALUES('ChatMsg','emoTag','s?',0,0,3,NULL);
CREATE TABLE udts (
  name         TEXT PRIMARY KEY,
  subsystem_id TEXT,
  glyph        TEXT,
  base         TEXT,
  desc         TEXT,
  layer        TEXT,                    -- Konomi layer if known
  raw          TEXT,                    -- full JSON blob for round-trip
  FOREIGN KEY (subsystem_id) REFERENCES subsystems(id) ON DELETE SET NULL
);
INSERT INTO "udts" VALUES('Peer','💬 chat',NULL,NULL,'A connected remote peer.  One per RTCDataChannel rid.',NULL,'{"desc": "A connected remote peer.  One per RTCDataChannel rid.", "fields": {"avatar": "s?", "channels": "i", "connectedAt": "ms", "emoji": "s", "id": "s20", "lastSeen": "ms", "msgsIn": "i", "msgsOut": "i", "name": "s", "state": "e[open|closed]"}}');
INSERT INTO "udts" VALUES('Tracker','💬 chat',NULL,NULL,'WebTorrent tracker state.',NULL,'{"desc": "WebTorrent tracker state.", "fields": {"announces": "i", "connectedAt": "ms?", "lastAnnounceAt": "ms?", "state": "e[connecting|connected|reconnecting|failed|offline]", "url": "s"}}');
INSERT INTO "udts" VALUES('Room','💬 chat',NULL,NULL,'Current chat room.  hash = SHA1(''acg:''+name).',NULL,'{"desc": "Current chat room.  hash = SHA1(''acg:''+name).", "fields": {"hash": "s40", "joinedAt": "ms", "name": "s", "peerCount": "i"}}');
INSERT INTO "udts" VALUES('Channel','💬 chat',NULL,NULL,NULL,NULL,'{"fields": {"id": "s", "openedAt": "ms", "peerId": "s20", "state": "e"}}');
INSERT INTO "udts" VALUES('msg','💬 chat','📨',NULL,'Over-the-wire message envelope.',NULL,'{"desc": "Over-the-wire message envelope.", "fields": {"id": "s20", "t": "\"msg\"", "ts": "ms", "txt": "s"}, "glyph": "📨"}');
INSERT INTO "udts" VALUES('hi','💬 chat','👋',NULL,'Handshake: identity on first channel open.',NULL,'{"desc": "Handshake: identity on first channel open.", "fields": {"av": "s?", "em": "s", "id": "s20", "nm": "s", "t": "\"hi\""}, "glyph": "👋"}');
INSERT INTO "udts" VALUES('Profile','🔑 auth',NULL,NULL,'Signed-in user identity as exposed by the OAuth provider.',NULL,'{"desc": "Signed-in user identity as exposed by the OAuth provider.", "fields": {"avatar": "s", "id": "s", "provider": "e[discord|github]", "username": "s"}}');
INSERT INTO "udts" VALUES('WebRTCPeerIdentity','📡 auth.webrtc',NULL,NULL,'Anonymous cryptographic identity derived from the 20-byte BT-style peer id (-ACG001-<12 hex>).',NULL,'{"desc": "Anonymous cryptographic identity derived from the 20-byte BT-style peer id (-ACG001-<12 hex>).", "fields": {"createdAt": "ms", "emoji": "s", "fingerprint": "s?", "id": "s", "provider": "\"webrtc\"", "shortId": "s"}}');
INSERT INTO "udts" VALUES('IceConfig','📡 auth.webrtc',NULL,NULL,'RTCConfiguration echoed from /js/config.js — controls ICE candidate gathering.',NULL,'{"desc": "RTCConfiguration echoed from /js/config.js — controls ICE candidate gathering.", "fields": {"policy": "e[all|relay]?", "stunServers": "a[s]", "turnServers": "a[s]?"}}');
INSERT INTO "udts" VALUES('ConnStats','📡 auth.webrtc',NULL,NULL,'Aggregate view of all RTCPeerConnections held by the mesh.',NULL,'{"desc": "Aggregate view of all RTCPeerConnections held by the mesh.", "fields": {"bytesRecv": "i", "bytesSent": "i", "openChannels": "i", "peers": "i", "state": "e[new|connecting|connected|disconnected|failed|closed]", "ts": "ms"}}');
INSERT INTO "udts" VALUES('TrackerEndpoint','🌊 auth.webtorrent',NULL,NULL,'One entry in the tracker fallback chain (see /js/config.js TRACKERS[]).',NULL,'{"desc": "One entry in the tracker fallback chain (see /js/config.js TRACKERS[]).", "fields": {"lastAt": "ms?", "rttMs": "i?", "state": "e[unknown|ok|fail|trying|closed]", "url": "s"}}');
INSERT INTO "udts" VALUES('AnnounceState','🌊 auth.webtorrent',NULL,NULL,'Last BitTorrent-style announce we sent to a tracker.',NULL,'{"desc": "Last BitTorrent-style announce we sent to a tracker.", "fields": {"infoHash": "s", "nOffers": "i", "numWant": "i", "room": "s", "tracker": "s", "ts": "ms"}}');
INSERT INTO "udts" VALUES('PeerDiscovery','🌊 auth.webtorrent',NULL,NULL,'Rolling counters of peers discovered via the tracker since session start.',NULL,'{"desc": "Rolling counters of peers discovered via the tracker since session start.", "fields": {"answers": "i", "connected": "i", "offers": "i", "seen": "i", "ts": "ms"}}');
INSERT INTO "udts" VALUES('TagRecord','🖥️ scada',NULL,NULL,'Shape of every entry in the tag plant — path → TagRecord.',NULL,'{"desc": "Shape of every entry in the tag plant — path → TagRecord.", "fields": {"quality": "e[good|stale|bad|uncertain]", "ts": "ms", "type": "s?", "value": "any"}}');
INSERT INTO "udts" VALUES('Provider','🖥️ scada',NULL,NULL,'A namespace owner.  See /providers.json for the registry.',NULL,'{"desc": "A namespace owner.  See /providers.json for the registry.", "fields": {"moduleJs": "s", "moduleJython": "s", "ns": "s", "ownedPrefixes": "a[s]"}}');
INSERT INTO "udts" VALUES('LogEntry','⚠ errors',NULL,NULL,'Single line in the gateway log ring buffer.',NULL,'{"desc": "Single line in the gateway log ring buffer.", "fields": {"level": "e[ERROR|WARN|INFO|DEBUG]", "logger": "s", "meta": "o?", "msg": "s", "stack": "s?", "ts": "ms"}}');
INSERT INTO "udts" VALUES('ScreenLayer','🖼 hmi',NULL,NULL,'One of the five ISA-101 HMI layers (L1 Overview … L5 Support).',NULL,'{"desc": "One of the five ISA-101 HMI layers (L1 Overview … L5 Support).", "fields": {"id": "e[L1|L2|L3|L4|L5]", "info": "s", "name": "s", "nav": "a[s]", "scope": "s"}}');
INSERT INTO "udts" VALUES('ColorMeaning','🖼 hmi',NULL,NULL,'Semantic color for an equipment state (ISA-101 palette).',NULL,'{"desc": "Semantic color for an equipment state (ISA-101 palette).", "fields": {"hex": "s", "state": "s", "use": "s"}}');
INSERT INTO "udts" VALUES('Faceplate','🖼 hmi',NULL,NULL,'Operator faceplate bound to an equipment tag.',NULL,'{"desc": "Operator faceplate bound to an equipment tag.", "fields": {"commands": "a[s]", "equipment": "s?", "nav": "a[s]", "pv": "a[s]", "sp": "a[s]", "tag": "s", "title": "s"}}');
INSERT INTO "udts" VALUES('NavTarget','🖼 hmi',NULL,NULL,'Entry in the HMI navigation history ring.',NULL,'{"desc": "Entry in the HMI navigation history ring.", "fields": {"layer": "e[L1|L2|L3|L4|L5]", "path": "s", "ts": "ms"}}');
INSERT INTO "udts" VALUES('AlarmBadge','🖼 hmi',NULL,NULL,'Aggregated alarm count visible at every screen layer.',NULL,'{"desc": "Aggregated alarm count visible at every screen layer.", "fields": {"count": "i", "priority": "i[1..4]", "unacked": "i"}}');
INSERT INTO "udts" VALUES('Project','🔧 plc',NULL,NULL,'GitPLC project header (mirrors config/config.json).',NULL,'{"desc": "GitPLC project header (mirrors config/config.json).", "fields": {"isaLevel": "e[ProcessCell|Unit|EM|CM]", "name": "s", "vendor": "e[ab|siemens|codesys|beckhoff|omron|mitsubishi|universal]", "version": "s"}}');
INSERT INTO "udts" VALUES('TypeSummary','🔧 plc',NULL,NULL,'One loaded UDT template (summary row).',NULL,'{"desc": "One loaded UDT template (summary row).", "fields": {"base": "s?", "fields": "i", "kind": "s", "name": "s", "version": "s"}}');
INSERT INTO "udts" VALUES('EquipmentNode','🔧 plc',NULL,NULL,'Node in the ISA-88 equipment tree.',NULL,'{"desc": "Node in the ISA-88 equipment tree.", "fields": {"children": "i", "level": "e[ProcessCell|Unit|EM|CM]", "mode": "s?", "path": "s", "state": "s?"}}');
INSERT INTO "udts" VALUES('SyncStatus','🔧 plc',NULL,NULL,'Last sync attempt against a live PLC.',NULL,'{"desc": "Last sync attempt against a live PLC.", "fields": {"mode": "e[upload|download|idle]", "ok": "b", "target": "s?", "ts": "ms", "vendor": "s"}}');
INSERT INTO "udts" VALUES('GitHead','🔧 plc',NULL,NULL,'HEAD commit of the gitplc project.',NULL,'{"desc": "HEAD commit of the gitplc project.", "fields": {"dirty": "b", "hash": "s", "subject": "s", "ts": "ms"}}');
INSERT INTO "udts" VALUES('MeshEnvelope','🧪 sandbox',NULL,NULL,'Canonical BroadcastChannel(''acg-mesh'') payload (§4).',NULL,'{"desc": "Canonical BroadcastChannel(''acg-mesh'') payload (§4).", "fields": {"path": "s?", "source": "s", "ts": "ms", "type": "s", "value": "any?"}}');
INSERT INTO "udts" VALUES('Model','🧪 sandbox',NULL,NULL,NULL,NULL,'{"fields": {"id": "s", "loaded": "b", "loadedAt": "ms?", "progress": "i?", "size": "i?", "status": "s?"}}');
INSERT INTO "udts" VALUES('Engine','🧪 sandbox',NULL,NULL,NULL,NULL,'{"fields": {"generating": "b?", "lastLatencyMs": "i?", "ready": "b", "streamedTokens": "i?"}}');
INSERT INTO "udts" VALUES('Voice','🧪 sandbox',NULL,NULL,NULL,NULL,'{"fields": {"coherence": "f", "energy": "f", "f0": "f", "listening": "b", "micConnected": "b", "pulseRate": "f", "rms": "f", "vowel": "e[oo|oh|ah|eh|ee]"}}');
INSERT INTO "udts" VALUES('Emotion','🧪 sandbox',NULL,NULL,NULL,NULL,'{"fields": {"anger": "f", "calm": "f", "curiosity": "f", "dominant": "e[excitement|calm|anger|sadness|joy|curiosity]", "excitement": "f", "joy": "f", "sadness": "f"}}');
INSERT INTO "udts" VALUES('VFile','🧪 sandbox',NULL,NULL,NULL,NULL,'{"fields": {"mtime": "ms", "path": "s", "size": "i", "type": "e"}}');
INSERT INTO "udts" VALUES('Commit','🧪 sandbox',NULL,NULL,NULL,NULL,'{"fields": {"files": "i", "id": "s7", "message": "s", "ts": "ms"}}');
INSERT INTO "udts" VALUES('ToolCall','🧪 sandbox',NULL,NULL,NULL,NULL,'{"fields": {"args": "o", "name": "e[create_file|edit_file|patch_file|delete_file|read_file|list_files|search_files|commit|preview]", "ok": "b", "result": "any?", "ts": "ms"}}');
INSERT INTO "udts" VALUES('ChatMsg','🧪 sandbox',NULL,NULL,NULL,NULL,'{"fields": {"emoTag": "s?", "len": "i", "role": "e[user|ai|system]", "ts": "ms"}}');
CREATE INDEX tags_path_idx       ON tags(path);
CREATE INDEX tags_pattern_idx    ON tags(path_pattern);
CREATE INDEX tags_subsystem_idx  ON tags(subsystem_id);
CREATE VIEW v_tags_full AS
  SELECT t.id,
         COALESCE(t.path, t.path_pattern) AS path_or_pattern,
         t.path, t.path_pattern,
         t.type, t.cardinality, t.unit, t.desc,
         s.id AS subsystem, s.name AS subsystem_name, s.provider
  FROM tags t
  LEFT JOIN subsystems s ON t.subsystem_id = s.id
  ORDER BY COALESCE(t.path, t.path_pattern);
CREATE VIEW v_udt_rollup AS
  SELECT u.name       AS udt,
         u.subsystem_id,
         u.base,
         u.layer,
         GROUP_CONCAT(f.name || ':' || f.type, ', ') AS fields
  FROM udts u LEFT JOIN udt_fields f ON u.name = f.udt
  GROUP BY u.name, u.subsystem_id, u.base, u.layer
  ORDER BY u.name;
CREATE VIEW v_subsystem_summary AS
  SELECT s.id, s.name, s.provider,
         (SELECT COUNT(*) FROM udts u WHERE u.subsystem_id = s.id) AS udt_count,
         (SELECT COUNT(*) FROM tags t WHERE t.subsystem_id = s.id) AS tag_count,
         (SELECT GROUP_CONCAT(namespace,', ')
            FROM subsystem_namespaces n WHERE n.subsystem_id = s.id) AS namespaces
  FROM subsystems s
  ORDER BY s.name;
DELETE FROM "sqlite_sequence";
INSERT INTO "sqlite_sequence" VALUES('tags',80);
